Year,State,Interest Rate,Loan Count,First Time Buyers,Repeat Buyers,One Unit,Greater than One Unit,Total Original UPB($B),Average Original UPB ($),Credit Score,Original Combined Loan-to-Value (CLTV) Ratio,Original Loan-to-Value (LTV) Ratio,Original Debt-toIncome (DTI) Ratio1
2005,WA,5.8,122,1215,29,1492,1521,284368000.0,186961.2,728.5,73.3,69.7,36.5
2005,MD,5.8,68,1155,4,1427,1431,296410000.0,207134.9,717.0,69.8,66.2,36.5
2005,NY,5.8,307,1378,157,1730,1887,377210000.0,199899.3,723.1,68.8,66.6,36.3
2005,DE,5.8,20,163,2,216,218,41322000.0,189550.5,717.7,74.7,70.1,36.2
2005,TX,5.8,332,1719,18,2225,2243,329315000.0,146819.0,719.4,80.5,76.5,35.6
2005,OH,5.9,169,1552,35,1822,1857,240392000.0,129451.8,723.2,77.9,74.1,35.5
2005,FL,5.9,265,3018,27,3746,3773,634206000.0,168090.6,718.0,71.9,68.7,36.5
2005,NH,5.8,29,295,10,354,364,70617000.0,194002.7,719.4,72.2,67.8,39.8
2005,OR,5.8,64,725,18,908,926,160646000.0,173483.8,733.2,74.0,69.9,37.0
2005,MO,5.9,94,1112,17,1321,1338,180304000.0,134756.4,727.3,76.9,72.5,35.8
2005,ME,5.9,15,208,12,234,246,39880000.0,162113.8,723.8,72.0,67.8,39.2
2005,MN,5.7,92,925,9,1320,1329,227746000.0,171366.4,730.6,74.7,70.2,36.0
2005,NC,5.8,130,1165,6,1479,1485,220047000.0,148179.8,726.3,76.2,72.9,34.9
2005,ND,5.7,13,66,2,94,96,11260000.0,117291.7,728.9,81.5,78.2,36.0
2005,MI,5.9,179,1658,27,1937,1964,286913000.0,146086.0,725.4,74.9,71.4,35.9
2005,KS,5.9,48,381,3,459,462,59753000.0,129335.5,724.4,79.6,75.9,36.4
2005,IN,5.9,124,929,10,1168,1178,137985000.0,117135.0,724.8,78.0,74.2,33.7
2005,PA,5.8,257,1407,46,1857,1903,290257000.0,152526.0,723.2,76.2,73.0,36.4
2005,WI,5.8,83,1133,47,1331,1378,203539000.0,147706.1,724.8,76.0,72.6,36.1
2005,IL,5.8,262,2113,79,2565,2644,458198000.0,173297.3,723.6,73.3,70.3,36.8
2005,NJ,5.8,156,1044,68,1281,1349,285703000.0,211788.7,713.8,68.9,65.0,38.7
2005,GA,5.7,109,1241,8,1470,1478,233360000.0,157889.0,724.0,77.2,73.5,37.2
2005,OK,5.8,28,381,5,415,420,53979000.0,128521.4,729.5,79.9,77.1,33.5
2005,IA,5.8,67,378,7,507,514,65521000.0,127472.8,732.3,79.0,75.1,34.1
2005,CA,5.7,133,3732,104,4510,4614,1082728000.0,234661.5,724.0,59.8,56.3,37.9
2005,TN,5.8,68,669,7,802,809,109244000.0,135035.8,723.9,78.5,75.2,36.2
2005,UT,5.8,25,426,7,491,498,81354000.0,163361.4,730.2,76.5,72.6,36.2
2005,MA,5.8,89,1062,108,1157,1265,290497000.0,229641.9,724.7,68.2,63.1,39.0
2005,KY,5.9,51,588,7,687,694,86633000.0,124831.4,720.8,77.0,73.9,35.6
2005,SC,5.8,64,544,2,664,666,95451000.0,143319.8,723.3,79.2,76.5,35.9
2005,CO,5.8,55,778,7,983,990,188400000.0,190303.0,738.0,73.6,68.7,36.9
2005,VT,5.9,7,128,1,148,149,24296000.0,163060.4,721.0,68.7,65.3,39.0
2005,NV,5.8,31,401,2,538,540,107416000.0,198918.5,720.3,69.5,66.0,37.9
2005,VA,5.8,90,1205,5,1477,1482,285463000.0,192620.1,723.1,70.8,67.7,35.8
2005,MS,5.8,12,149,2,177,179,21691000.0,121178.8,713.0,81.4,78.4,34.9
2005,NE,5.8,39,233,4,325,329,40728000.0,123793.3,731.3,79.3,75.1,35.7
2005,AZ,5.9,93,1327,8,1700,1708,301116000.0,176297.4,723.7,72.1,69.2,36.6
2005,NM,5.9,40,255,0,367,367,54520000.0,148555.9,724.7,77.8,74.2,35.0
2005,WV,5.9,19,142,1,176,177,25021000.0,141361.6,717.3,76.7,74.0,34.1
2005,ID,5.8,28,252,6,367,373,49401000.0,132442.4,728.1,74.7,71.3,34.4
2005,LA,5.8,39,345,5,412,417,55263000.0,132525.2,720.6,78.8,76.2,34.0
2005,RI,5.8,11,197,27,196,223,44272000.0,198529.1,719.9,69.1,64.5,38.0
2005,HI,5.6,12,149,2,185,187,53172000.0,284342.2,733.4,67.1,63.7,38.2
2005,AR,5.8,27,280,2,336,338,40949000.0,121150.9,722.8,77.9,74.9,35.5
2005,DC,5.8,6,59,2,74,76,16147000.0,212460.5,712.9,66.5,60.2,34.4
2005,AK,5.8,11,85,13,121,134,24298000.0,181328.4,720.0,78.4,72.9,35.2
2005,SD,5.7,11,86,1,134,135,17252000.0,127792.6,733.0,78.2,74.3,37.8
2005,AL,5.7,63,488,2,595,597,83450000.0,139782.2,724.2,78.9,75.7,36.5
2005,CT,5.7,40,424,33,497,530,100496000.0,189615.1,726.8,69.5,66.8,37.0
2005,MT,5.8,17,149,4,187,191,28938000.0,151507.9,724.4,75.2,72.8,36.8
2005,PR,5.6,16,190,8,198,206,18020000.0,87475.7,691.5,70.4,65.1,37.0
2005,WY,5.8,9,77,4,103,107,15383000.0,143766.4,725.1,78.2,74.9,36.6
2005,GU,6.1,1,12,0,13,13,1583000.0,121769.2,704.2,76.2,75.2,33.4
2005,VI,6.2,1,1,0,2,2,466000.0,233000.0,641.5,67.3,70.5,34.5
2006,KY,6.5,73,627,9,749,758,98131000.0,129460.4,719.1,78.4,73.6,34.3
2006,OK,6.5,56,426,5,494,499,63991000.0,128238.5,719.0,82.2,76.8,33.6
2006,NY,6.4,321,1255,173,1567,1740,379021000.0,217828.2,726.5,70.2,67.2,37.8
2006,KS,6.5,57,373,5,464,469,64086000.0,136643.9,723.8,81.4,77.7,35.8
2006,NC,6.3,206,1433,10,1786,1796,286318000.0,159419.8,726.3,77.8,73.5,36.5
2006,PA,6.4,357,1391,39,1881,1920,323752000.0,168620.8,722.0,77.7,73.6,37.3
2006,WA,6.4,158,1144,13,1441,1454,306002000.0,210455.3,727.7,74.1,69.7,38.2
2006,IN,6.5,113,958,8,1179,1187,153641000.0,129436.4,721.7,79.0,74.9,34.9
2006,MO,6.5,132,1099,15,1307,1322,190729000.0,144273.1,724.4,78.3,74.2,36.4
2006,ME,6.5,22,170,5,197,202,31489000.0,155886.1,721.3,73.5,69.8,37.2
2006,MD,6.4,92,999,9,1230,1239,275315000.0,222207.4,709.7,71.8,66.5,38.7
2006,MI,6.5,175,1443,14,1778,1792,266332000.0,148622.8,725.5,77.1,72.6,36.6
2006,FL,6.5,253,2836,28,3436,3464,633183000.0,182789.5,712.6,72.0,67.9,38.5
2006,IA,6.4,74,377,2,528,530,65754000.0,124064.2,726.0,81.7,77.0,35.7
2006,UT,6.4,68,594,9,703,712,127717000.0,179377.8,729.4,77.0,72.7,37.4
2006,OR,6.3,85,773,20,941,961,182450000.0,189854.3,727.2,74.1,69.2,38.7
2006,OH,6.5,151,1492,26,1746,1772,238753000.0,134736.5,723.5,79.4,74.9,35.4
2006,NE,6.4,42,200,2,279,281,34763000.0,123711.7,728.3,80.5,75.1,37.9
2006,WI,6.5,123,1084,54,1306,1360,209848000.0,154300.0,729.8,76.5,71.9,37.7
2006,MA,6.4,152,995,90,1114,1204,297568000.0,247149.5,727.0,72.3,66.6,38.7
2006,LA,6.4,71,491,8,586,594,86383000.0,145425.9,708.0,78.8,75.6,36.1
2006,IL,6.5,297,2218,80,2636,2716,504310000.0,185681.1,721.5,75.6,71.7,37.3
2006,VT,6.6,15,110,4,123,127,22640000.0,178267.7,718.4,75.0,71.6,40.1
2006,CO,6.4,96,808,12,986,998,198104000.0,198501.0,734.1,76.3,71.2,36.7
2006,MS,6.4,20,228,1,266,267,38072000.0,142591.8,708.9,79.9,75.4,35.9
2006,NJ,6.4,211,969,77,1225,1302,299727000.0,230205.1,716.1,72.0,67.4,39.0
2006,TX,6.4,527,2392,39,3072,3111,472555000.0,151898.1,720.5,81.6,76.3,36.7
2006,CA,6.3,145,2858,95,3290,3385,863971000.0,255235.2,724.6,61.4,55.9,39.0
2006,GA,6.4,213,1436,7,1770,1777,291923000.0,164278.6,725.3,79.6,75.3,37.1
2006,SC,6.4,78,680,8,814,822,126733000.0,154176.4,719.4,78.6,74.4,37.4
2006,AZ,6.4,117,1274,12,1563,1575,301255000.0,191273.0,718.5,72.4,68.2,38.0
2006,MN,6.4,139,935,20,1221,1241,227062000.0,182967.0,728.1,76.8,71.9,38.5
2006,NM,6.5,38,331,5,410,415,69987000.0,168643.4,723.1,77.2,72.9,37.3
2006,VA,6.4,108,1146,11,1381,1392,284910000.0,204676.7,720.5,72.9,67.9,38.1
2006,AL,6.4,74,625,3,734,737,108753000.0,147561.7,722.7,79.3,75.3,35.3
2006,MT,6.4,20,166,7,207,214,35474000.0,165766.4,727.5,74.5,71.0,37.1
2006,NV,6.4,24,412,2,499,501,108907000.0,217379.2,713.9,72.5,67.8,38.6
2006,RI,6.3,15,186,25,189,214,44810000.0,209392.5,715.1,71.1,66.2,39.3
2006,HI,6.1,10,117,4,136,140,44257000.0,316121.4,727.7,68.0,61.8,42.5
2006,ID,6.4,32,297,6,392,398,61617000.0,154816.6,721.2,74.5,70.7,37.7
2006,NH,6.4,53,257,9,320,329,68024000.0,206759.9,722.0,75.0,69.2,40.2
2006,TN,6.4,119,794,9,994,1003,144560000.0,144127.6,721.8,78.6,74.6,35.4
2006,DE,6.4,17,154,1,196,197,41768000.0,212020.3,714.2,77.0,72.2,37.3
2006,CT,6.4,67,419,29,487,516,109528000.0,212263.6,722.6,74.6,69.4,38.0
2006,SD,6.3,9,89,0,128,128,17106000.0,133640.6,734.1,79.5,75.8,37.0
2006,AR,6.3,43,370,8,428,436,55649000.0,127635.3,725.3,78.9,74.5,35.3
2006,ND,6.3,10,66,4,87,91,11529000.0,126692.3,725.1,80.9,76.9,38.7
2006,DC,6.4,17,52,4,74,78,19551000.0,250653.8,708.0,70.4,64.0,37.4
2006,WY,6.4,3,83,3,101,104,16694000.0,160519.2,724.9,76.2,73.5,35.2
2006,PR,6.0,18,134,11,141,152,15913000.0,104690.8,705.8,72.0,66.9,37.7
2006,AK,6.4,18,97,10,124,134,27325000.0,203917.9,720.5,79.1,75.1,40.3
2006,WV,6.5,15,188,2,228,230,29453000.0,128056.5,712.6,75.2,72.6,33.9
2006,GU,6.7,2,12,0,14,14,2236000.0,159714.3,714.2,75.6,76.5,34.1
2007,AK,6.4,12,108,12,121,133,27898000.0,209759.4,718.0,77.1,73.5,36.6
2007,ME,6.4,18,204,12,221,233,39891000.0,171206.0,726.7,74.3,71.0,38.7
2007,NY,6.4,397,1304,225,1619,1844,415246000.0,225187.6,723.6,72.4,69.1,37.5
2007,KY,6.4,62,695,13,801,814,109590000.0,134631.4,718.6,78.2,74.0,35.0
2007,NC,6.3,228,1600,10,1956,1966,321895000.0,163730.9,725.8,78.8,75.2,36.2
2007,OH,6.5,153,1496,40,1657,1697,227214000.0,133891.6,722.3,81.0,76.8,36.7
2007,MI,6.5,147,1424,27,1619,1646,246916000.0,150009.7,724.9,78.6,74.2,36.7
2007,IN,6.5,113,1033,14,1198,1212,152417000.0,125756.6,720.6,80.5,76.1,34.7
2007,CT,6.3,75,438,41,500,541,114854000.0,212299.4,717.3,74.8,70.1,39.1
2007,IL,6.5,308,2232,112,2589,2701,514960000.0,190655.3,723.2,76.9,72.9,38.0
2007,WA,6.3,162,1242,27,1482,1509,329896000.0,218619.0,725.6,74.3,69.5,39.1
2007,IA,6.4,57,366,11,453,464,58225000.0,125484.9,717.4,82.2,77.4,36.8
2007,NH,6.4,25,220,12,258,270,54477000.0,201766.7,723.1,76.3,71.4,41.9
2007,MD,6.3,91,891,10,1070,1080,254636000.0,235774.1,705.4,74.2,68.7,39.2
2007,ND,6.3,10,78,1,97,98,12633000.0,128908.2,730.2,80.0,78.3,38.7
2007,NV,6.4,34,375,3,453,456,100167000.0,219664.5,721.0,76.5,71.8,39.9
2007,WI,6.4,124,983,54,1223,1277,204404000.0,160065.8,724.7,77.7,73.0,37.3
2007,CO,6.4,99,902,11,1063,1074,219419000.0,204300.7,735.5,78.2,73.0,38.5
2007,MO,6.4,137,1172,28,1380,1408,205151000.0,145703.8,725.9,79.0,75.0,36.2
2007,OK,6.4,60,469,8,553,561,71188000.0,126894.8,720.2,82.6,78.0,34.3
2007,WV,6.4,11,221,2,244,246,34897000.0,141857.7,712.1,78.2,73.6,33.9
2007,VA,6.3,130,1131,6,1361,1367,285337000.0,208732.3,723.8,74.3,69.2,38.2
2007,GA,6.3,188,1521,17,1799,1816,301521000.0,166035.8,719.9,80.1,76.2,37.6
2007,MS,6.4,42,244,2,304,306,45653000.0,149192.8,717.5,80.7,76.7,37.3
2007,LA,6.4,57,507,18,564,582,88911000.0,152768.0,711.3,78.8,75.2,36.6
2007,SC,6.3,122,801,6,967,973,152063000.0,156282.6,724.4,79.3,75.8,37.2
2007,TX,6.4,633,2470,39,3223,3262,506666000.0,155323.7,720.2,83.3,78.5,37.1
2007,VT,6.4,17,140,7,155,162,29072000.0,179456.8,729.0,73.7,68.5,38.2
2007,UT,6.4,58,728,17,832,849,164241000.0,193452.3,721.7,76.4,72.8,38.5
2007,NJ,6.4,225,838,68,1101,1169,281920000.0,241163.4,714.7,74.2,69.1,40.0
2007,AL,6.3,69,631,6,742,748,114652000.0,153278.1,713.8,80.1,76.7,36.2
2007,MA,6.3,152,940,102,1038,1140,280862000.0,246370.2,729.1,75.2,70.0,39.3
2007,PA,6.4,304,1429,56,1812,1868,304809000.0,163174.0,719.4,78.8,75.0,37.5
2007,FL,6.4,291,2612,39,3125,3164,575280000.0,181820.5,714.2,74.2,69.4,38.8
2007,TN,6.4,108,872,16,1036,1052,156508000.0,148771.9,721.7,80.2,76.1,36.0
2007,WY,6.5,12,71,2,91,93,16390000.0,176236.6,716.2,82.0,77.9,38.8
2007,OR,6.3,102,707,19,860,879,179319000.0,204003.4,733.2,74.7,69.4,38.8
2007,MN,6.3,126,840,22,1067,1089,198053000.0,181866.9,731.1,77.8,71.9,38.2
2007,NE,6.4,24,220,2,272,274,35806000.0,130678.8,728.3,80.6,76.1,36.2
2007,HI,6.1,13,126,0,143,143,45783000.0,320160.8,729.4,72.8,64.7,42.0
2007,AR,6.3,57,440,5,513,518,68968000.0,133142.9,723.4,79.7,76.2,36.1
2007,SD,6.3,7,71,3,90,93,13325000.0,143279.6,727.9,81.3,76.3,40.7
2007,CA,6.3,332,3165,156,3595,3751,1017820000.0,271346.3,732.6,64.7,58.9,39.5
2007,NM,6.4,40,290,5,355,360,62031000.0,172308.3,716.5,76.5,72.8,37.2
2007,AZ,6.4,122,1140,8,1394,1402,266511000.0,190093.4,724.8,73.3,68.1,38.1
2007,KS,6.5,59,351,9,436,445,61918000.0,139141.6,725.7,81.8,77.4,35.1
2007,RI,6.4,16,159,26,164,190,41670000.0,219315.8,718.6,73.0,68.6,40.0
2007,MT,6.3,21,153,4,190,194,32184000.0,165896.9,727.6,77.7,72.9,38.9
2007,ID,6.4,33,299,7,374,381,60758000.0,159469.8,724.4,75.5,70.9,37.3
2007,GU,6.5,2,14,0,16,16,2494000.0,155875.0,706.6,76.0,73.8,35.6
2007,PR,6.1,31,206,13,226,239,26847000.0,112330.5,708.8,75.7,68.8,39.2
2007,DE,6.4,20,132,2,173,175,36213000.0,206931.4,713.8,77.9,72.5,38.5
2007,DC,6.3,17,45,3,63,66,17959000.0,272106.1,716.0,71.6,66.6,38.8
2007,VI,6.4,0,4,1,3,4,690000.0,172500.0,698.5,61.0,60.2,35.2
2008,MO,6.1,108,1054,21,1377,1398,231445000.0,165554.4,743.1,0.9,72.4,34.5
2008,WV,6.1,10,151,2,169,171,25704000.0,150315.8,736.8,75.5,72.3,34.3
2008,KY,6.0,46,619,5,727,732,107757000.0,147209.0,741.8,-3.9,72.4,33.0
2008,ND,5.9,9,63,2,85,87,13113000.0,150724.1,740.0,80.3,77.3,37.8
2008,OK,6.2,38,407,4,508,512,74174000.0,144871.1,737.3,21.3,75.9,35.1
2008,ME,6.1,14,202,11,250,261,48217000.0,184739.5,735.6,-17.0,69.0,39.1
2008,NH,6.2,28,202,14,262,276,57271000.0,207503.6,739.8,-1.8,70.2,39.2
2008,MI,6.1,114,1167,23,1380,1403,218030000.0,155402.7,744.8,-3.6,72.0,35.2
2008,NC,5.9,134,1446,8,1873,1881,358315000.0,190491.8,741.6,1.9,71.0,36.0
2008,MA,6.0,174,1007,94,1219,1313,334903000.0,255067.0,746.4,6.2,66.6,37.1
2008,WI,5.9,89,1022,55,1327,1382,244024000.0,176573.1,747.4,3.1,70.6,35.3
2008,IL,6.1,305,2357,107,2927,3034,636213000.0,209694.5,742.3,-1.4,69.9,37.0
2008,NY,6.1,384,1129,229,1519,1748,419439000.0,239953.7,736.4,-2.2,66.7,38.2
2008,MD,6.0,79,831,10,1101,1111,269253000.0,242351.9,735.1,6.6,66.3,37.5
2008,AK,6.0,13,93,10,125,135,29813000.0,220837.0,736.8,-67.3,74.8,38.3
2008,AZ,6.2,94,880,14,1200,1214,242147000.0,199462.1,746.3,0.8,69.2,36.7
2008,KS,6.0,45,348,6,444,450,69014000.0,153364.4,737.9,16.4,76.4,34.7
2008,VA,6.0,120,1126,8,1472,1480,332464000.0,224637.8,741.5,-6.3,68.2,36.6
2008,OH,6.1,121,1108,27,1278,1305,194359000.0,148934.1,742.7,10.6,74.0,35.0
2008,PA,6.1,247,1090,45,1632,1677,310345000.0,185059.6,737.7,-6.9,73.3,37.0
2008,OR,6.0,69,666,27,949,976,215493000.0,220792.0,746.9,-8.6,68.2,38.4
2008,DE,6.0,13,126,3,173,176,41771000.0,237335.2,747.9,-29.8,68.8,36.0
2008,CA,6.0,944,3903,220,5500,5720,1574447000.0,275253.0,748.1,-1.2,64.2,39.3
2008,NJ,6.1,220,883,88,1260,1348,339069000.0,251534.9,736.1,-6.3,66.0,39.4
2008,IN,6.1,92,840,10,1039,1049,147878000.0,140970.4,740.3,-9.6,74.3,32.9
2008,GA,6.0,147,1254,16,1619,1635,309869000.0,189522.3,737.2,-6.1,74.4,37.4
2008,NE,6.1,19,163,6,230,236,37281000.0,157970.3,746.4,-36.4,75.6,35.4
2008,ID,6.0,22,225,3,344,347,60009000.0,172936.6,737.7,1.5,69.8,38.4
2008,FL,6.2,263,1922,26,2528,2554,468432000.0,183411.1,731.3,-1.3,68.7,38.3
2008,VT,6.1,12,132,6,157,163,30217000.0,185380.4,746.3,71.0,66.2,37.1
2008,MN,6.0,104,786,13,1061,1074,207026000.0,192761.6,746.7,-8.1,71.4,36.6
2008,IA,6.0,40,326,4,433,437,62718000.0,143519.5,740.7,9.6,75.5,34.0
2008,RI,6.1,11,135,16,145,161,35290000.0,219192.5,732.6,-51.7,68.2,41.0
2008,UT,6.0,44,641,12,880,892,189276000.0,212192.8,741.3,6.5,72.5,37.5
2008,CT,6.1,69,371,31,501,532,121569000.0,228513.2,739.5,1.4,68.8,39.2
2008,TX,6.2,511,2093,29,2999,3028,534634000.0,176563.4,730.5,-1.1,76.9,36.8
2008,AL,6.0,52,521,5,676,681,116799000.0,171511.0,730.9,3.6,75.0,35.4
2008,CO,6.1,102,905,14,1197,1211,266299000.0,219900.1,748.9,-6.9,70.9,36.7
2008,SC,6.0,77,672,6,861,867,158751000.0,183103.8,735.6,-6.5,71.9,36.0
2008,LA,6.1,65,383,16,513,529,88831000.0,167922.5,723.8,-18.5,75.5,36.7
2008,WA,6.0,137,1177,22,1632,1654,389197000.0,235306.5,745.1,4.8,67.8,37.5
2008,TN,6.1,90,741,11,980,991,166709000.0,168223.0,738.0,-1.6,72.4,36.1
2008,HI,5.9,25,148,6,183,189,67490000.0,357089.9,742.8,6.2,67.0,43.9
2008,AR,6.0,31,243,4,325,329,45858000.0,139386.0,740.8,-18.5,72.7,33.7
2008,WY,6.0,4,61,2,78,80,16079000.0,200987.5,729.4,74.6,71.3,36.6
2008,NM,6.1,30,250,5,327,332,64605000.0,194593.4,735.2,7.3,71.2,37.7
2008,SD,6.0,10,54,2,76,78,13204000.0,169282.1,744.5,76.3,74.7,36.8
2008,MS,6.2,20,173,4,239,243,37588000.0,154683.1,724.7,-37.0,74.3,37.3
2008,DC,6.0,19,74,4,107,111,31670000.0,285315.3,733.7,-66.6,65.3,36.3
2008,MT,6.0,8,139,4,177,181,33811000.0,186801.1,744.1,-57.6,66.8,36.4
2008,NV,6.2,54,329,8,460,468,92555000.0,197767.1,740.4,-17.3,72.6,38.3
2008,PR,5.7,18,119,4,135,139,15081000.0,108496.4,721.6,68.4,63.0,40.5
2008,GU,6.1,2,15,2,15,17,3187000.0,187470.6,709.6,75.6,71.7,32.5
2008,VI,6.4,1,1,1,1,2,400000.0,200000.0,774.0,66.5,65.0,37.5
2009,WI,4.9,75,1240,16,1667,1683,275043000.0,163424.2,763.6,6.8,66.0,31.0
2009,MN,4.9,85,816,7,1247,1254,247693000.0,197522.3,765.8,1.8,67.4,30.9
2009,KS,5.0,37,359,1,486,487,77776000.0,159704.3,760.8,18.0,70.9,30.9
2009,ND,4.9,8,70,1,95,96,15324000.0,159625.0,765.1,73.7,70.8,31.8
2009,MA,5.0,117,1323,56,1643,1699,449153000.0,264363.2,762.5,-1.6,61.4,33.0
2009,CA,5.0,685,3398,107,5823,5930,1817075000.0,306420.7,767.7,0.6,59.4,33.9
2009,MI,5.0,69,1051,3,1274,1277,193771000.0,151739.2,764.7,4.4,68.2,31.2
2009,MD,5.0,77,782,1,1219,1220,312869000.0,256450.0,763.2,-3.5,62.2,31.9
2009,IL,5.0,176,2203,42,3015,3057,628179000.0,205488.7,762.9,-0.1,65.3,32.3
2009,NY,5.0,232,1276,95,1875,1970,468549000.0,237842.1,757.0,0.3,62.4,34.4
2009,OR,4.9,48,563,10,911,921,191763000.0,208211.7,767.2,-0.5,63.5,32.7
2009,KY,4.9,45,698,2,867,869,133428000.0,153542.0,757.6,7.6,68.2,29.7
2009,WA,4.9,79,1052,17,1602,1619,384544000.0,237519.5,763.4,-0.1,63.4,32.1
2009,HI,4.8,17,116,2,183,185,60788000.0,328583.8,763.3,-6.4,61.0,36.8
2009,MO,5.0,69,967,8,1272,1280,217729000.0,170100.8,761.4,-8.0,67.7,30.2
2009,IA,4.9,38,367,2,528,530,79368000.0,149750.9,763.8,20.5,70.6,29.5
2009,NH,5.0,20,249,3,340,343,68755000.0,200451.9,764.4,7.8,66.7,34.2
2009,IN,5.0,87,1081,4,1448,1452,209142000.0,144037.2,759.3,-9.4,69.6,28.1
2009,OH,4.9,101,1528,18,1766,1784,276326000.0,154891.3,764.1,-5.8,67.6,29.7
2009,ME,5.0,12,188,4,238,242,47216000.0,195107.4,761.6,-25.4,63.1,31.8
2009,PA,5.0,207,1092,12,1944,1956,383160000.0,195889.6,758.5,4.0,68.0,31.2
2009,AK,4.9,10,89,6,149,155,34074000.0,219832.3,753.3,-53.5,68.6,31.7
2009,NE,5.0,19,176,0,301,301,45130000.0,149933.6,764.5,-20.1,71.5,30.1
2009,CO,5.0,76,976,9,1429,1438,342023000.0,237846.3,765.9,-6.0,65.6,32.0
2009,SC,4.9,31,579,0,769,769,145516000.0,189227.6,759.6,10.2,66.3,30.8
2009,VA,4.9,113,1185,4,1655,1659,412164000.0,248441.2,763.4,5.2,64.0,31.6
2009,CT,4.9,44,407,15,609,624,148906000.0,238631.4,765.4,7.3,61.8,32.6
2009,UT,4.9,38,577,4,817,821,165233000.0,201258.2,758.5,-6.5,68.2,32.0
2009,VT,4.9,8,183,5,221,226,42299000.0,187163.7,760.4,-34.6,63.7,33.6
2009,GA,4.9,84,937,4,1295,1299,260965000.0,200896.8,763.2,4.5,67.7,31.6
2009,RI,5.0,13,120,12,167,179,38009000.0,212340.8,757.5,-45.6,63.2,33.8
2009,NJ,5.0,145,846,29,1475,1504,406976000.0,270595.7,757.2,2.5,62.1,34.0
2009,MT,4.9,17,149,5,220,225,41555000.0,184688.9,757.0,-35.0,64.1,32.2
2009,NC,4.9,85,1367,3,1881,1884,373408000.0,198199.6,763.9,0.6,65.8,30.4
2009,OK,4.9,24,357,0,440,440,71674000.0,162895.5,757.0,15.1,71.5,31.1
2009,FL,5.0,160,1052,6,1550,1556,288970000.0,185713.4,760.9,-6.0,66.2,33.7
2009,TX,5.0,230,1569,10,2424,2434,482469000.0,198220.6,756.0,2.1,71.3,32.1
2009,NV,5.1,37,147,1,276,277,48395000.0,174711.2,766.9,-17.8,69.5,33.3
2009,WV,4.9,11,150,0,171,171,25603000.0,149725.1,762.3,69.9,66.7,29.1
2009,AZ,5.1,81,635,7,942,949,180804000.0,190520.5,766.9,-2.7,66.7,31.7
2009,TN,5.0,53,570,2,779,781,139553000.0,178685.0,759.9,11.0,68.9,30.5
2009,ID,5.0,12,178,5,303,308,53753000.0,174522.7,760.9,-11.0,66.2,31.4
2009,AR,4.9,15,186,2,279,281,44400000.0,158007.1,753.6,-25.0,68.5,30.5
2009,LA,5.0,27,256,7,401,408,72067000.0,176634.8,749.5,12.8,69.2,32.6
2009,NM,5.0,17,183,1,259,260,48062000.0,184853.8,762.2,-19.8,67.0,31.5
2009,MS,5.0,12,78,0,137,137,21640000.0,157956.2,747.9,73.4,69.1,30.0
2009,DE,4.9,9,115,0,191,191,40475000.0,211911.0,759.3,-38.9,62.5,32.6
2009,GU,5.2,2,17,2,17,19,3641000.0,191631.6,733.8,74.3,70.5,32.4
2009,SD,4.9,1,64,0,97,97,15437000.0,159144.3,766.9,73.5,71.5,32.5
2009,AL,4.9,26,347,0,494,494,91724000.0,185676.1,756.9,-21.6,69.4,30.8
2009,WY,5.0,3,59,0,84,84,17469000.0,207964.3,749.6,65.3,61.8,31.8
2009,DC,5.0,14,69,0,103,103,37476000.0,363844.7,761.6,-50.0,61.7,30.6
2009,PR,4.7,3,66,5,66,71,8281000.0,116633.8,723.1,69.5,66.0,37.9
2009,VI,5.4,0,1,0,1,1,185000.0,185000.0,753.0,56.0,56.0,48.0
2010,MO,4.6,109,969,10,1364,1374,226584000.0,164908.3,763.3,71.7,68.7,30.3
2010,ME,4.6,12,206,7,255,262,46040000.0,175725.2,760.0,69.5,66.1,32.5
2010,OH,4.5,175,1690,18,2177,2195,334816000.0,152535.8,766.9,71.9,68.3,28.7
2010,KS,4.6,45,411,2,574,576,90679000.0,157428.8,764.3,74.7,71.7,29.6
2010,SC,4.6,55,361,2,579,581,99889000.0,171926.0,758.3,71.7,68.7,30.8
2010,OK,4.7,32,322,2,438,440,69871000.0,158797.7,760.2,74.4,71.6,30.4
2010,WV,4.8,26,112,1,164,165,23141000.0,140248.5,758.1,74.4,72.0,29.1
2010,ND,4.6,12,85,2,135,137,19461000.0,142051.1,762.5,74.0,71.6,30.1
2010,PA,4.6,198,1025,17,1789,1806,344412000.0,190704.3,761.8,70.7,68.0,31.3
2010,IL,4.6,258,1929,48,2878,2926,572208000.0,195559.8,762.6,70.3,67.1,31.9
2010,KY,4.5,68,720,8,960,968,145932000.0,150756.2,763.4,71.4,67.5,28.4
2010,OR,4.7,63,455,20,728,748,150744000.0,201529.4,768.5,68.4,65.0,32.3
2010,WI,4.5,89,1167,35,1682,1717,285522000.0,166291.2,766.6,71.0,67.2,30.6
2010,NY,4.7,313,1199,129,1802,1931,451397000.0,233763.3,755.4,66.3,64.2,34.4
2010,MA,4.6,138,1335,90,1878,1968,513479000.0,260914.1,763.1,65.9,62.1,32.2
2010,VA,4.7,128,1064,2,1646,1648,406449000.0,246631.7,765.8,68.3,64.7,31.3
2010,MI,4.6,144,1021,9,1382,1391,203479000.0,146282.5,765.8,71.8,69.3,30.5
2010,GA,4.6,112,703,0,1144,1144,216989000.0,189675.7,761.4,71.9,68.8,30.6
2010,CT,4.6,63,388,17,631,648,157786000.0,243496.9,762.0,67.0,63.7,32.2
2010,MD,4.6,104,721,1,1117,1118,293534000.0,262552.8,763.1,67.0,63.4,30.9
2010,VT,4.6,11,172,4,222,226,42600000.0,188495.6,760.0,67.6,64.8,33.3
2010,WA,4.7,104,914,15,1373,1388,321182000.0,231399.1,763.9,68.5,65.3,32.4
2010,NC,4.6,127,980,5,1550,1555,296898000.0,190931.2,760.8,71.8,68.5,30.7
2010,TX,4.7,370,1352,12,2347,2359,443719000.0,188096.2,755.1,74.4,72.3,32.6
2010,IA,4.5,44,417,5,625,630,91500000.0,145238.1,766.1,74.5,71.6,28.8
2010,MN,4.5,102,829,11,1337,1348,249948000.0,185421.4,769.5,71.6,68.2,31.0
2010,HI,4.6,30,146,5,228,233,78757000.0,338012.9,760.8,66.3,62.9,36.3
2010,CA,4.7,789,3811,156,6434,6590,1989708000.0,301928.4,767.8,62.6,59.6,34.0
2010,IN,4.6,88,1097,2,1523,1525,221611000.0,145318.7,763.3,73.3,69.3,28.4
2010,MT,4.6,14,119,4,191,195,34085000.0,174794.9,760.3,67.6,64.9,31.4
2010,CO,4.7,100,801,11,1205,1216,282003000.0,231910.4,766.0,71.3,67.7,31.3
2010,NH,4.6,22,208,3,312,315,62777000.0,199292.1,764.0,69.1,65.5,33.7
2010,DE,4.6,20,102,1,202,203,40662000.0,200305.4,761.3,66.0,63.2,30.3
2010,AR,4.6,29,180,5,302,307,46152000.0,150332.2,757.7,72.4,69.8,29.6
2010,AK,4.5,20,86,9,150,159,34336000.0,215949.7,756.8,71.0,69.4,31.2
2010,GU,4.6,5,13,3,16,19,4409000.0,232052.6,734.7,74.9,74.6,32.8
2010,NJ,4.7,158,750,28,1305,1333,344922000.0,258756.2,758.9,66.6,62.7,33.9
2010,UT,4.6,41,525,6,748,754,145287000.0,192688.3,762.0,70.4,67.5,32.2
2010,NV,4.9,34,167,3,290,293,49486000.0,168894.2,766.5,72.6,71.9,32.2
2010,FL,4.8,202,921,4,1504,1508,260863000.0,172986.1,762.8,70.2,68.5,33.7
2010,RI,4.7,19,110,6,166,172,34896000.0,202883.7,760.2,69.3,64.3,32.5
2010,TN,4.6,56,493,3,764,767,133275000.0,173761.4,757.8,71.0,68.3,29.9
2010,LA,4.6,40,256,9,409,418,73709000.0,176337.3,750.9,71.7,69.3,31.1
2010,AZ,4.8,73,510,5,835,840,149164000.0,177576.2,766.0,70.2,68.1,32.1
2010,DC,4.7,12,67,3,111,114,41844000.0,367052.6,766.6,62.2,58.9,30.1
2010,ID,4.7,25,177,9,291,300,50908000.0,169693.3,763.9,71.1,69.2,31.9
2010,SD,4.5,4,68,2,111,113,16923000.0,149761.1,769.7,71.6,67.7,31.2
2010,AL,4.6,40,303,0,478,478,82679000.0,172968.6,756.5,73.5,70.9,30.4
2010,PR,4.7,3,35,1,43,44,5339000.0,121340.9,720.1,65.8,61.0,35.2
2010,NM,4.7,16,181,3,274,277,47259000.0,170610.1,759.9,69.3,66.9,30.0
2010,NE,4.6,18,204,1,342,343,50950000.0,148542.3,764.7,72.6,70.8,29.3
2010,MS,4.6,7,71,0,157,157,26261000.0,167267.5,748.9,74.1,71.2,29.9
2010,WY,4.6,6,55,1,75,76,12537000.0,164960.5,753.1,72.1,67.4,30.4
2010,VI,4.8,0,2,0,2,2,380000.0,190000.0,754.5,22.6,22.5,45.5
2011,IL,4.2,250,419,50,2713,2763,540942000.0,195780.7,763.0,-0.5,67.7,31.5
2011,MO,4.3,96,223,18,1316,1334,227220000.0,170329.8,763.3,-1.8,70.8,30.4
2011,WA,4.4,136,258,18,1409,1427,333657000.0,233817.1,765.7,5.5,66.7,32.4
2011,MA,4.3,134,220,81,1695,1776,472008000.0,265770.3,763.5,3.4,63.0,32.1
2011,VA,4.4,156,313,5,1722,1727,465530000.0,269559.9,765.4,-4.1,66.1,31.4
2011,HI,4.5,24,37,4,219,223,78749000.0,353134.5,762.7,11.1,63.1,37.0
2011,NY,4.4,272,308,191,1727,1918,479313000.0,249902.5,757.3,-4.4,65.2,34.4
2011,NC,4.4,131,258,4,1539,1543,294714000.0,191000.6,763.1,-1.3,68.7,30.8
2011,MI,4.3,133,245,8,1300,1308,196692000.0,150376.1,767.3,7.4,71.0,30.3
2011,SC,4.4,66,133,1,658,659,118264000.0,179459.8,761.3,-0.1,69.4,30.6
2011,CT,4.3,56,107,15,650,665,164177000.0,246882.7,763.1,-10.3,65.2,32.1
2011,IN,4.3,117,267,6,1568,1574,226134000.0,143668.4,761.1,-2.3,70.7,28.2
2011,OR,4.4,64,150,19,746,765,156487000.0,204558.2,771.2,-12.0,66.8,32.2
2011,CO,4.4,106,270,7,1175,1182,270490000.0,228840.9,767.3,-7.3,69.0,31.8
2011,PA,4.3,193,310,20,1665,1685,324809000.0,192765.0,760.0,5.2,68.4,31.8
2011,AK,4.3,11,30,11,139,150,32555000.0,217033.3,757.1,-58.0,70.0,31.4
2011,CA,4.4,672,787,209,7191,7400,-1981749296.0,-267804.0,768.5,-0.5,60.6,34.0
2011,RI,4.3,14,27,4,169,173,34546000.0,199687.9,766.2,-54.8,64.5,32.5
2011,KY,4.3,42,188,7,921,928,146332000.0,157685.3,761.5,13.5,68.8,29.5
2011,ME,4.3,11,27,6,219,225,41501000.0,184448.9,764.3,-34.3,65.2,31.6
2011,OH,4.2,134,356,26,1993,2019,315740000.0,156384.3,768.2,4.1,68.8,29.0
2011,MN,4.2,115,287,15,1431,1446,278131000.0,192345.1,769.8,-4.6,69.0,30.9
2011,MD,4.4,120,180,2,1215,1217,335254000.0,275475.8,764.1,4.9,65.3,31.7
2011,IA,4.1,40,124,4,606,610,93328000.0,152996.7,764.9,-16.6,71.8,29.0
2011,TX,4.5,320,651,18,2413,2431,481983000.0,198265.3,754.3,4.1,73.6,32.4
2011,OK,4.4,27,103,3,379,382,59670000.0,156204.2,758.5,4.0,74.0,30.3
2011,GA,4.4,114,247,1,1059,1060,208106000.0,196326.4,763.2,-9.1,71.2,30.8
2011,KS,4.3,52,125,5,575,580,93802000.0,161727.6,764.4,-15.2,73.9,30.5
2011,NH,4.3,24,52,6,336,342,69015000.0,201798.2,762.6,8.6,67.7,32.9
2011,WI,4.2,86,196,39,1491,1530,249771000.0,163249.0,765.9,2.1,67.8,30.6
2011,NJ,4.3,176,180,54,1369,1423,382276000.0,268640.9,762.5,-0.5,64.0,33.5
2011,AZ,4.5,81,203,3,919,922,167706000.0,181893.7,767.1,-4.6,70.5,32.0
2011,ND,4.2,14,37,2,109,111,16190000.0,145855.9,762.7,77.2,73.7,30.8
2011,FL,4.5,185,417,5,1516,1521,271165000.0,178280.7,765.0,-7.3,69.9,33.2
2011,MT,4.3,14,28,10,200,210,38208000.0,181942.9,765.9,-42.1,66.4,31.1
2011,UT,4.3,50,130,22,669,691,137069000.0,198363.2,764.7,9.6,70.1,31.4
2011,WV,4.5,10,32,1,121,122,17766000.0,145623.0,749.3,75.7,72.9,28.5
2011,NM,4.4,13,49,0,238,238,44086000.0,185235.3,764.0,-26.7,67.9,31.0
2011,DE,4.4,13,22,2,195,197,41856000.0,212467.0,764.4,-33.8,66.8,29.3
2011,VT,4.4,14,24,9,230,239,42889000.0,179451.9,758.8,-31.3,65.0,33.6
2011,AL,4.4,30,87,1,388,389,69001000.0,177380.5,754.3,12.5,71.7,30.0
2011,ID,4.4,17,60,8,261,269,42228000.0,156981.4,763.8,-28.8,70.6,31.3
2011,TN,4.4,52,178,3,782,785,146515000.0,186643.3,761.1,-13.7,70.9,30.7
2011,AR,4.3,20,56,2,290,292,45541000.0,155962.3,755.0,-20.3,71.1,30.5
2011,NV,4.6,46,79,1,287,288,48331000.0,167816.0,765.2,-14.8,72.9,32.8
2011,LA,4.4,41,88,6,428,434,80994000.0,186622.1,749.7,19.7,69.7,32.1
2011,GU,4.5,3,2,0,24,24,4554000.0,189750.0,727.9,69.2,66.8,33.5
2011,WY,4.4,7,27,1,97,98,19442000.0,198387.8,761.9,71.5,69.9,29.6
2011,NE,4.3,31,89,3,354,357,53772000.0,150621.8,761.7,-5.2,72.9,29.8
2011,DC,4.4,23,17,9,117,126,46353000.0,367881.0,758.5,-26.6,62.3,30.8
2011,MS,4.4,7,18,0,125,125,20827000.0,166616.0,751.6,74.0,69.9,31.3
2011,SD,4.2,6,23,1,79,80,13075000.0,163437.5,764.7,74.2,71.0,29.6
2011,PR,4.6,0,3,1,16,17,1991000.0,117117.6,713.9,64.5,58.7,39.7
2012,WA,3.7,98,171,13,1285,1298,321022000.0,247320.5,769.5,70.3,67.5,31.2
2012,NH,3.6,27,55,3,340,343,71377000.0,208096.2,766.2,73.2,70.6,33.1
2012,VA,3.7,178,244,7,1898,1905,533767000.0,280192.7,768.6,70.2,67.2,30.2
2012,WI,3.5,78,196,33,1689,1722,287627000.0,167030.8,769.6,72.0,68.9,29.4
2012,KY,3.5,48,137,5,1043,1048,165727000.0,158136.5,763.5,72.4,69.6,28.2
2012,IL,3.5,193,346,47,2706,2753,551607000.0,200365.8,766.1,71.1,68.0,30.9
2012,OR,3.7,50,108,11,724,735,158467000.0,215601.4,772.2,72.0,68.8,31.0
2012,ND,3.5,16,30,0,140,140,23265000.0,166178.6,760.8,76.0,72.8,31.2
2012,AZ,3.7,69,156,2,897,899,176469000.0,196294.8,770.1,71.1,69.0,30.9
2012,NY,3.6,207,272,126,1586,1712,400602000.0,233996.5,760.8,68.2,66.7,33.1
2012,MA,3.6,119,182,101,1943,2044,548085000.0,268143.3,766.3,67.1,64.2,31.3
2012,MN,3.5,91,236,12,1369,1381,262790000.0,190289.6,769.2,73.4,70.4,29.6
2012,IN,3.5,94,251,3,1531,1534,227960000.0,148605.0,760.8,74.1,71.2,28.1
2012,CA,3.7,412,591,182,7425,7607,-1882885296.0,-247520.1,771.8,-81.6,60.9,33.1
2012,RI,3.6,18,17,12,176,188,40101000.0,213303.2,766.1,71.3,67.4,32.1
2012,SC,3.6,44,106,2,651,653,119721000.0,183340.0,763.2,70.8,69.2,29.9
2012,KS,3.5,43,116,3,596,599,103241000.0,172355.6,763.0,76.4,74.3,28.9
2012,OH,3.4,118,342,15,2258,2273,363764000.0,160037.0,771.1,72.1,69.1,28.1
2012,HI,3.7,20,22,1,223,224,81144000.0,362250.0,770.7,66.2,62.0,34.1
2012,IA,3.4,47,107,4,715,719,111245000.0,154721.8,768.5,74.1,71.1,28.3
2012,MI,3.5,114,245,3,1350,1353,214920000.0,158847.0,763.5,73.7,71.4,29.5
2012,NC,3.6,137,262,3,1541,1544,308983000.0,200118.5,767.4,73.8,71.4,29.3
2012,MO,3.6,93,205,12,1368,1380,243303000.0,176306.5,766.4,73.9,70.9,29.6
2012,VT,3.6,8,33,9,225,234,45261000.0,193423.1,762.3,72.1,69.6,33.4
2012,TX,3.7,305,551,8,2198,2206,435688000.0,197501.4,757.1,75.3,73.6,31.3
2012,NJ,3.6,104,128,30,1284,1314,369088000.0,280888.9,765.3,68.2,64.7,32.9
2012,FL,3.7,194,368,6,1460,1466,275750000.0,188096.9,765.7,71.6,69.9,32.6
2012,NE,3.6,10,52,1,297,298,48590000.0,163053.7,768.0,75.7,73.2,29.5
2012,CO,3.7,74,189,7,1133,1140,269999000.0,236841.2,770.5,71.6,68.9,30.5
2012,GA,3.6,104,194,5,952,957,189936000.0,198470.2,765.3,73.6,72.0,30.3
2012,CT,3.6,65,93,12,720,732,174155000.0,237916.7,766.6,68.3,65.0,31.7
2012,MT,3.5,13,18,4,160,164,29663000.0,180872.0,766.9,69.9,66.5,31.4
2012,PA,3.6,163,239,13,1628,1641,320249000.0,195154.8,764.2,72.4,69.4,31.0
2012,UT,3.6,62,86,6,653,659,140113000.0,212614.6,765.1,74.7,72.3,30.9
2012,MD,3.6,102,146,2,1264,1266,371451000.0,293405.2,769.1,69.0,66.0,30.0
2012,AL,3.6,44,77,0,398,398,70718000.0,177683.4,762.5,74.9,72.4,29.2
2012,OK,3.6,25,75,0,300,300,52399000.0,174663.3,760.0,76.5,74.3,30.3
2012,ME,3.6,13,41,5,318,323,63688000.0,197176.5,763.6,70.6,67.4,31.0
2012,MS,3.5,12,16,0,138,138,23282000.0,168710.1,742.4,74.8,70.0,30.8
2012,WV,3.6,7,27,1,136,137,20442000.0,149211.7,755.4,74.2,72.7,29.3
2012,TN,3.6,63,129,7,663,670,129479000.0,193252.2,762.3,75.8,72.1,29.9
2012,AR,3.6,26,59,0,290,290,48406000.0,166917.2,757.4,76.6,74.8,30.1
2012,DC,3.8,22,14,10,134,144,53643000.0,372520.8,763.0,67.7,63.4,30.2
2012,SD,3.7,7,20,3,76,79,13219000.0,167329.1,765.9,74.3,71.7,30.5
2012,NV,3.7,21,60,2,228,230,39301000.0,170873.9,765.4,73.8,72.4,31.7
2012,ID,3.7,10,46,4,187,191,30491000.0,159638.7,768.1,73.0,70.2,29.8
2012,LA,3.6,24,61,8,318,326,61067000.0,187322.1,750.3,73.2,70.2,30.7
2012,AK,3.5,15,18,7,122,129,29252000.0,226759.7,759.0,71.7,68.5,33.1
2012,DE,3.5,8,26,0,164,164,35151000.0,214335.4,765.9,70.3,67.4,30.8
2012,WY,3.5,2,18,2,81,83,17119000.0,206253.0,769.1,73.1,71.5,30.7
2012,NM,3.6,17,32,0,240,240,44362000.0,184841.7,763.3,71.3,69.5,29.5
2012,PR,3.3,0,0,0,13,13,1466000.0,112769.2,746.8,69.9,68.9,40.7
2012,GU,3.2,1,0,0,13,13,2530000.0,194615.4,738.6,71.7,69.8,32.4
2012,VI,3.6,0,0,0,1,1,354000.0,354000.0,629.0,60.0,60.0,34.0
2013,IL,3.8,444,556,66,2346,2412,474096000.0,196557.2,758.0,75.2,72.7,32.5
2013,CO,3.9,154,311,11,1313,1324,314654000.0,237654.1,763.9,74.4,72.0,31.8
2013,WV,3.8,16,38,2,187,189,28214000.0,149280.4,752.3,76.3,73.0,29.9
2013,RI,3.9,49,28,9,169,178,38266000.0,214977.5,756.1,75.3,72.4,33.5
2013,IA,3.7,40,130,1,437,438,69194000.0,157977.2,760.4,76.8,73.5,30.5
2013,KY,3.7,59,230,8,856,864,130292000.0,150800.9,755.9,75.8,72.7,30.1
2013,MA,3.8,212,247,80,1476,1556,414635000.0,266474.9,759.1,71.2,67.4,32.7
2013,MN,3.8,149,324,11,1120,1131,218963000.0,193601.2,762.1,78.0,75.0,31.6
2013,CA,3.9,710,915,260,6951,7211,-2113086296.0,-293036.5,760.5,-69.3,64.3,34.9
2013,NY,3.8,404,374,178,1938,2116,512235000.0,242077.0,755.0,69.4,68.6,34.1
2013,NH,3.8,37,74,6,303,309,63191000.0,204501.6,759.1,75.0,72.0,33.7
2013,GA,3.8,180,330,2,1105,1107,222605000.0,201088.5,758.6,77.6,75.2,31.4
2013,KS,3.8,60,142,3,490,493,78455000.0,159137.9,759.2,78.4,75.7,29.9
2013,WA,3.8,145,250,15,1250,1265,304174000.0,240453.8,761.3,72.5,69.6,32.2
2013,MI,3.9,250,419,12,1658,1670,264611000.0,158449.7,757.1,75.5,73.4,30.8
2013,MO,3.8,128,272,14,1161,1175,197112000.0,167754.9,758.9,76.4,73.7,31.1
2013,WI,3.7,103,239,29,1136,1165,199424000.0,171179.4,760.3,74.9,72.1,30.8
2013,NC,3.8,218,406,4,1579,1583,302767000.0,191261.5,759.6,75.7,73.1,30.8
2013,HI,3.8,16,30,3,184,187,65615000.0,350882.4,765.1,67.0,62.5,35.2
2013,NE,3.7,27,70,1,258,259,41738000.0,161150.6,758.3,77.2,75.7,31.0
2013,CT,3.8,101,150,19,605,624,146161000.0,234232.4,756.6,73.9,70.9,33.1
2013,ME,3.8,28,38,4,240,244,45815000.0,187766.4,754.1,72.9,70.8,30.9
2013,OK,3.9,38,116,0,342,342,56608000.0,165520.5,752.5,79.2,76.9,31.0
2013,ND,3.7,24,49,0,149,149,26829000.0,180060.4,756.7,78.2,75.7,31.5
2013,FL,4.0,389,649,12,2270,2282,433895000.0,190138.0,754.5,74.3,72.4,33.6
2013,OR,3.9,86,205,13,771,784,171468000.0,218709.2,763.8,73.1,70.1,33.0
2013,MD,3.8,195,241,2,1180,1182,319139000.0,269999.2,759.8,73.1,69.6,32.5
2013,VA,3.8,263,343,6,1782,1788,483384000.0,270349.0,760.6,72.9,70.1,31.3
2013,TX,3.9,579,971,22,3214,3236,630749000.0,194916.3,751.3,77.2,75.4,32.1
2013,IN,3.8,166,349,10,1232,1242,183043000.0,147377.6,753.2,77.4,75.2,30.0
2013,PA,3.8,248,363,21,1527,1548,296188000.0,191335.9,756.8,75.3,72.3,32.1
2013,VT,3.7,14,56,4,195,199,38696000.0,194452.3,756.9,74.1,70.5,33.2
2013,TN,3.9,129,292,6,917,923,178651000.0,193554.7,753.9,78.6,75.6,31.6
2013,NM,3.9,22,54,1,232,233,42699000.0,183257.5,753.4,72.3,70.6,31.7
2013,AL,3.8,62,112,0,456,456,83805000.0,183782.9,755.2,77.5,74.5,30.1
2013,AZ,4.0,111,247,7,1199,1206,237837000.0,197211.4,761.7,73.2,70.9,31.9
2013,OH,3.7,256,509,27,1885,1912,299978000.0,156892.3,759.4,77.1,74.4,30.2
2013,NJ,3.8,226,243,42,1232,1274,342671000.0,268972.5,755.8,71.9,69.0,34.3
2013,DC,3.9,32,31,10,153,163,58930000.0,361533.7,763.7,69.7,65.7,31.3
2013,SC,3.8,100,189,0,728,728,136852000.0,187983.5,755.9,74.9,73.4,30.8
2013,DE,3.8,13,24,0,182,182,38686000.0,212560.4,763.2,70.3,67.6,30.8
2013,ID,3.9,23,93,7,304,311,56277000.0,180955.0,760.5,75.6,73.2,31.1
2013,AR,3.8,33,95,4,328,332,54941000.0,165484.9,755.6,78.5,75.3,30.0
2013,UT,3.9,84,169,15,608,623,132234000.0,212253.6,757.2,76.6,74.7,32.2
2013,NV,4.1,42,82,3,352,355,63406000.0,178608.5,757.2,76.0,74.0,32.3
2013,MT,3.8,28,56,6,219,225,41342000.0,183742.2,758.6,72.4,70.2,31.8
2013,WY,3.8,11,19,1,76,77,16469000.0,213883.1,754.4,77.5,75.3,33.8
2013,LA,3.9,74,94,8,409,417,77999000.0,187048.0,747.9,76.2,73.9,31.8
2013,AK,3.9,11,23,11,93,104,25588000.0,246038.5,756.4,77.2,75.3,30.8
2013,SD,3.6,7,19,1,68,69,11936000.0,172985.5,760.0,77.0,72.5,32.7
2013,MS,3.8,16,27,0,130,130,20671000.0,159007.7,746.7,77.2,74.5,29.7
2013,GU,3.8,1,2,0,18,18,3762000.0,209000.0,736.6,71.1,67.4,31.1
2013,PR,3.6,0,0,0,9,9,896000.0,99555.6,722.2,74.6,71.3,42.2
2013,VI,4.5,0,0,0,1,1,257000.0,257000.0,797.0,55.0,55.0,44.0
2014,MO,4.3,199,345,14,1013,1027,167458000.0,163055.5,752.7,80.2,77.6,32.0
2014,NE,4.3,52,97,0,257,257,41675000.0,162159.5,758.7,81.3,79.8,32.3
2014,NC,4.3,273,580,8,1513,1521,287524000.0,189036.2,754.8,79.2,76.8,31.8
2014,NY,4.3,485,428,184,1476,1660,415872000.0,250525.3,748.8,73.3,72.9,35.9
2014,IA,4.1,105,170,1,457,458,68215000.0,148941.0,754.2,80.7,77.5,31.9
2014,KY,4.2,123,231,6,680,686,104605000.0,152485.4,751.0,78.5,75.9,30.7
2014,VT,4.1,12,51,6,139,145,28942000.0,199600.0,757.5,72.2,70.4,34.0
2014,OH,4.2,368,581,26,1529,1555,239409000.0,153960.8,751.3,81.2,78.9,32.3
2014,OR,4.4,182,299,20,848,868,193920000.0,223410.1,756.6,78.2,75.8,34.0
2014,PA,4.3,427,523,24,1540,1564,302098000.0,193157.3,751.5,79.9,77.4,33.1
2014,SC,4.3,136,246,2,681,683,124756000.0,182658.9,752.5,79.1,77.1,31.7
2014,OK,4.3,84,156,1,417,418,68764000.0,164507.2,752.9,80.6,78.5,32.0
2014,IN,4.2,209,433,4,1065,1069,157521000.0,147353.6,750.3,81.1,79.0,30.9
2014,CO,4.3,232,487,20,1389,1409,340311000.0,241526.6,754.1,78.3,76.0,33.7
2014,MI,4.2,328,554,19,1655,1674,264954000.0,158276.0,751.3,79.3,77.5,32.0
2014,GA,4.3,316,553,5,1487,1492,292381000.0,195965.8,749.8,80.6,78.3,32.6
2014,MA,4.3,252,297,87,1074,1161,310712000.0,267624.5,751.8,74.4,71.7,34.5
2014,TX,4.3,954,1472,25,3957,3982,790498000.0,198517.8,744.2,79.9,77.7,33.5
2014,CA,4.4,1035,1345,247,7504,7751,-1868327296.0,-241043.4,750.9,-92.1,68.6,36.4
2014,NV,4.4,79,132,8,521,529,101664000.0,192181.5,750.8,76.1,73.9,33.9
2014,UT,4.3,120,222,11,677,688,157194000.0,228479.7,752.6,79.4,77.5,33.9
2014,WI,4.1,165,301,26,938,964,167136000.0,173377.6,757.0,78.8,76.3,32.3
2014,KS,4.2,127,222,2,550,552,88782000.0,160837.0,750.9,81.5,79.5,31.7
2014,NH,4.2,35,99,6,248,254,53306000.0,209866.1,752.7,79.2,76.1,34.6
2014,IL,4.2,557,665,60,2157,2217,442409000.0,199553.0,751.6,78.4,76.1,33.6
2014,MN,4.2,280,462,14,1152,1166,232749000.0,199613.2,756.3,82.0,79.2,32.5
2014,HI,4.3,36,52,2,192,194,72020000.0,371237.1,756.9,71.8,68.8,37.2
2014,WA,4.3,220,424,24,1239,1263,313729000.0,248399.8,756.1,76.9,75.1,34.3
2014,ME,4.2,32,68,5,200,205,38585000.0,188219.5,755.6,75.8,73.6,31.6
2014,AK,4.2,17,41,4,115,119,29244000.0,245747.9,753.8,80.2,76.3,33.3
2014,CT,4.2,137,174,28,486,514,118648000.0,230832.7,750.2,78.6,76.6,34.6
2014,FL,4.4,629,989,24,2908,2932,559155000.0,190707.7,750.5,77.3,75.3,34.8
2014,WY,4.2,10,37,0,91,91,18644000.0,204879.1,746.5,75.2,74.6,34.3
2014,RI,4.2,47,50,13,163,176,37313000.0,212005.7,754.7,78.5,76.2,34.3
2014,AZ,4.4,171,387,8,1231,1239,242843000.0,195999.2,751.7,77.1,74.5,33.9
2014,VA,4.3,351,441,6,1492,1498,403191000.0,269152.9,754.0,77.7,74.6,33.4
2014,MD,4.3,240,238,5,932,937,240926000.0,257124.9,754.2,77.4,73.8,33.4
2014,ND,4.1,41,67,1,161,162,30122000.0,185938.3,751.9,79.4,77.1,32.2
2014,AR,4.3,58,128,0,362,362,55911000.0,154450.3,749.3,79.7,77.3,30.9
2014,DE,4.2,30,54,3,164,167,35354000.0,211700.6,753.7,76.6,73.8,32.1
2014,DC,4.4,46,32,11,141,152,61593000.0,405217.1,750.9,75.0,70.5,34.1
2014,NJ,4.2,305,308,55,1105,1160,302808000.0,261041.4,750.8,75.5,72.2,35.9
2014,LA,4.3,94,161,14,476,490,93860000.0,191551.0,741.1,79.4,77.7,32.9
2014,ID,4.3,40,119,1,280,281,55204000.0,196455.5,751.3,79.2,76.4,32.2
2014,AL,4.3,89,182,0,493,493,87721000.0,177933.1,752.2,80.6,78.3,31.1
2014,TN,4.3,184,365,4,971,975,179804000.0,184414.4,751.4,79.2,76.9,32.1
2014,NM,4.3,32,64,5,202,207,35719000.0,172555.6,750.7,77.7,73.9,32.8
2014,GU,4.1,2,2,0,12,12,2434000.0,202833.3,758.9,75.9,72.5,34.0
2014,MS,4.3,29,62,0,168,168,30524000.0,181690.5,744.4,80.9,78.1,30.7
2014,MT,4.3,38,63,3,190,193,38006000.0,196922.3,752.6,78.3,76.3,33.1
2014,WV,4.2,33,50,2,168,170,23617000.0,138923.5,746.0,78.6,74.9,30.1
2014,SD,4.3,19,30,1,74,75,13709000.0,182786.7,758.7,82.4,79.9,35.4
2014,PR,3.8,0,1,1,9,10,1103000.0,110300.0,734.7,69.7,65.7,37.9
2014,VI,4.6,0,2,1,4,5,2004000.0,400800.0,721.8,75.3,76.4,33.8
2015,IL,3.9,495,529,61,2206,2267,454032000.0,200278.8,753.1,77.4,75.5,33.7
2015,MI,3.9,322,470,16,1698,1714,289269000.0,168768.4,750.4,78.8,77.5,32.5
2015,OH,3.9,312,483,19,1527,1546,247700000.0,160219.9,752.5,80.2,78.1,32.0
2015,KY,3.9,74,201,6,616,622,97703000.0,157078.8,753.1,77.7,74.7,30.9
2015,OK,4.0,48,109,2,300,302,51427000.0,170288.1,741.3,80.9,78.8,32.1
2015,UT,4.0,117,190,11,776,787,182161000.0,231462.5,753.0,78.6,76.4,34.3
2015,WI,3.8,176,259,23,1042,1065,187965000.0,176493.0,757.0,77.8,75.8,31.4
2015,ND,3.8,19,44,1,134,135,28498000.0,211096.3,753.6,77.8,75.3,33.1
2015,IN,3.9,181,351,6,1015,1021,159892000.0,156603.3,747.7,81.0,78.7,31.3
2015,IA,3.8,79,150,3,469,472,80885000.0,171366.5,755.1,79.0,76.8,31.7
2015,HI,3.9,29,30,2,191,193,69524000.0,360228.0,758.4,70.8,70.4,36.6
2015,NC,3.9,227,447,5,1504,1509,308851000.0,204672.6,756.0,78.4,76.1,32.3
2015,TX,4.0,740,1102,28,3577,3605,748555000.0,207643.6,742.7,77.8,75.7,34.1
2015,WA,4.0,241,392,31,1577,1608,424750000.0,264148.0,756.3,75.6,73.3,34.0
2015,OR,4.0,163,278,19,1010,1029,244045000.0,237167.2,758.2,76.2,73.3,33.9
2015,KS,3.8,82,164,3,465,468,80775000.0,172596.2,753.1,80.7,78.5,31.3
2015,NE,3.9,42,89,3,265,268,46602000.0,173888.1,750.6,81.0,79.5,32.8
2015,PA,3.9,315,336,30,1320,1350,270607000.0,200449.6,750.8,79.1,76.8,33.1
2015,MN,3.9,201,389,17,1186,1203,247779000.0,205967.6,757.2,80.9,78.4,32.0
2015,MO,3.9,172,287,14,971,985,171155000.0,173761.4,753.3,80.2,77.9,32.1
2015,RI,4.0,35,40,14,156,170,36583000.0,215194.1,756.4,77.7,76.2,34.1
2015,ID,4.0,43,108,8,309,317,61354000.0,193545.7,757.4,78.7,77.2,33.1
2015,NY,4.0,381,356,169,1388,1557,406051000.0,260790.6,749.6,72.2,72.6,35.7
2015,MA,3.9,235,239,65,1155,1220,342797000.0,280981.1,750.9,74.2,71.5,34.0
2015,GA,3.9,264,450,3,1473,1476,301292000.0,204127.4,752.2,78.4,76.4,32.5
2015,FL,4.1,551,866,30,2875,2905,572289000.0,197001.4,748.4,76.6,74.2,35.1
2015,NJ,3.9,264,235,50,1117,1167,322204000.0,276096.0,750.3,74.3,72.2,35.9
2015,ME,4.0,22,51,11,191,202,38129000.0,188757.4,758.5,75.2,73.9,34.7
2015,CO,4.0,233,399,9,1694,1703,427641000.0,251110.4,751.2,75.2,73.0,34.3
2015,VT,3.8,9,40,10,129,139,29172000.0,209870.5,750.3,75.0,73.2,34.6
2015,SC,3.9,119,235,2,698,700,132145000.0,188778.6,752.0,78.0,76.0,32.4
2015,CA,4.0,902,977,266,7716,7982,-1732024296.0,-216991.3,752.4,-100.9,65.9,36.3
2015,AR,3.9,40,111,0,300,300,49645000.0,165483.3,751.9,80.3,77.8,31.6
2015,MD,4.0,170,177,1,935,936,249037000.0,266065.2,756.0,76.4,73.3,32.8
2015,CT,3.9,96,140,19,454,473,111382000.0,235479.9,753.1,75.8,74.2,34.2
2015,NV,4.1,46,113,4,493,497,98739000.0,198670.0,747.4,75.6,72.7,34.5
2015,VA,3.9,193,287,4,1320,1324,359588000.0,271592.1,755.3,75.9,72.8,32.9
2015,AL,3.9,65,205,1,495,496,92909000.0,187316.5,751.0,80.6,78.9,31.5
2015,AZ,4.1,133,363,7,1270,1277,258852000.0,202703.2,751.7,75.9,73.5,34.1
2015,WV,4.0,16,39,0,140,140,24175000.0,172678.6,748.2,76.9,75.2,30.0
2015,DE,3.9,18,43,0,159,159,35714000.0,224616.4,754.4,76.4,72.3,34.7
2015,TN,3.9,157,335,8,953,961,185543000.0,193072.8,752.8,78.2,75.8,31.9
2015,NH,3.9,45,78,7,274,281,59313000.0,211078.3,751.0,78.2,75.7,34.0
2015,MT,3.9,34,68,7,221,228,49141000.0,215530.7,755.6,77.5,75.1,34.3
2015,LA,4.0,79,141,6,447,453,88512000.0,195390.7,745.4,78.7,76.5,32.8
2015,DC,3.9,35,20,13,133,146,56539000.0,387253.4,763.1,72.1,69.1,33.0
2015,NM,4.1,34,51,6,194,200,36048000.0,180240.0,754.3,77.8,76.4,32.6
2015,GU,3.8,1,2,1,7,8,1826000.0,228250.0,722.8,81.1,75.6,34.4
2015,MS,3.9,24,53,0,175,175,30566000.0,174662.9,744.8,81.3,79.4,33.0
2015,AK,3.8,12,24,5,95,100,25029000.0,250290.0,755.2,76.6,73.3,33.0
2015,WY,4.0,10,29,1,76,77,16317000.0,211909.1,739.2,79.8,76.6,35.2
2015,SD,3.9,12,25,1,71,72,12977000.0,180236.1,757.3,80.7,77.8,33.3
2015,PR,3.8,0,0,0,6,6,507000.0,84500.0,732.0,62.9,63.2,30.2
2015,VI,4.2,0,1,0,4,4,1024000.0,256000.0,781.8,77.3,77.5,25.8
2016,OH,3.9,63,108,7,370,377,60324000.0,160010.6,750.5,6.8,76.5,32.3
2016,CO,4.0,56,104,4,482,486,124881000.0,256956.8,750.5,4.8,70.8,34.2
2016,NY,4.0,96,74,46,322,368,93716000.0,254663.0,749.0,-20.4,72.1,36.9
2016,ID,4.0,10,21,1,66,67,14408000.0,215044.8,756.4,80.6,78.7,31.9
2016,IA,3.7,15,34,0,102,102,17843000.0,174931.4,750.2,78.2,77.2,33.6
2016,MI,4.0,78,99,6,408,414,68118000.0,164536.2,746.0,14.3,76.3,32.7
2016,NE,3.8,10,16,2,56,58,10506000.0,181137.9,753.8,79.2,76.9,31.3
2016,PA,4.0,67,88,6,290,296,57784000.0,195216.2,745.6,5.3,76.8,33.1
2016,TX,4.0,171,257,9,919,928,190474000.0,205252.2,737.7,9.2,74.5,34.6
2016,ME,3.9,8,10,0,60,60,12300000.0,205000.0,748.4,73.9,73.2,34.9
2016,NC,4.0,43,113,1,369,370,74736000.0,201989.2,754.6,20.5,75.9,32.5
2016,IL,3.9,100,113,15,542,557,118320000.0,212423.7,754.4,3.1,73.9,33.2
2016,MO,3.9,51,77,4,264,268,47466000.0,177111.9,753.3,-11.0,77.7,32.8
2016,UT,3.9,31,44,5,217,222,52235000.0,235292.8,750.0,-2.5,76.5,33.9
2016,IN,3.9,37,83,4,256,260,39995000.0,153826.9,741.8,-28.2,77.6,31.9
2016,KS,3.9,15,21,0,89,89,14744000.0,165662.9,753.9,77.9,77.2,32.0
2016,KY,3.9,17,46,3,153,156,25698000.0,164730.8,743.1,76.3,75.6,31.4
2016,AR,4.0,11,30,0,95,95,16512000.0,173810.5,743.6,79.5,78.3,32.7
2016,NH,3.9,4,10,3,47,50,10021000.0,200420.0,759.8,76.4,73.8,33.4
2016,MN,3.9,43,73,4,262,266,55405000.0,208289.5,753.7,2.6,78.1,34.2
2016,GA,4.0,64,79,1,337,338,68243000.0,201902.4,747.1,16.0,76.7,32.6
2016,HI,3.9,5,11,2,42,44,17461000.0,396840.9,754.1,69.5,68.0,37.3
2016,WA,4.0,54,78,7,384,391,103140000.0,263785.2,752.4,-8.6,71.8,34.7
2016,CA,4.0,216,223,78,1900,1978,627833000.0,317408.0,749.4,-1.4,64.6,36.6
2016,OR,4.1,45,63,6,266,272,65925000.0,242371.3,755.5,11.7,73.6,35.7
2016,VT,3.8,5,7,0,30,30,6164000.0,205466.7,757.7,70.6,69.5,32.8
2016,WI,3.8,30,53,6,239,245,44482000.0,181559.2,751.8,-19.7,76.0,31.2
2016,MT,4.0,7,11,1,47,48,9321000.0,194187.5,751.5,79.2,77.6,34.2
2016,FL,4.1,146,205,7,751,758,148521000.0,195938.0,741.9,-11.9,72.6,36.0
2016,OK,4.0,16,30,0,90,90,15760000.0,175111.1,747.6,79.6,77.4,34.1
2016,ND,4.0,7,10,1,33,34,6887000.0,202558.8,732.0,81.9,80.1,34.7
2016,MA,3.9,59,49,23,285,308,81211000.0,263672.1,748.8,20.5,70.9,34.5
2016,RI,3.9,9,9,3,38,41,9818000.0,239463.4,755.5,76.0,74.0,35.9
2016,WY,3.8,3,4,0,20,20,4564000.0,228200.0,763.4,70.5,74.0,30.9
2016,VA,3.9,42,67,1,309,310,82712000.0,266812.9,755.3,23.6,72.1,33.4
2016,AK,3.8,2,4,2,17,19,5256000.0,276631.6,755.8,79.8,76.7,38.1
2016,WV,3.9,8,8,0,38,38,5891000.0,155026.3,756.9,79.7,78.2,33.8
2016,CT,3.9,12,39,6,93,99,23560000.0,237979.8,750.4,76.1,74.3,34.8
2016,LA,4.0,27,32,7,124,131,26031000.0,198709.9,742.8,78.8,77.6,32.3
2016,MD,4.0,52,36,0,243,243,63766000.0,262411.5,751.4,9.3,74.1,33.6
2016,DC,4.0,11,3,3,44,47,17498000.0,372297.9,756.8,70.4,66.1,35.2
2016,TN,4.0,44,77,2,248,250,50190000.0,200760.0,746.7,-5.5,77.3,33.7
2016,DE,3.9,7,6,0,42,42,9678000.0,230428.6,755.9,73.5,72.7,32.9
2016,AZ,4.1,49,88,2,368,370,76173000.0,205873.0,748.2,19.5,73.0,33.9
2016,NJ,4.0,66,37,13,274,287,77145000.0,268797.9,749.9,19.4,72.4,36.4
2016,AL,4.0,21,48,0,131,131,24056000.0,183633.6,745.8,81.7,79.0,33.2
2016,NM,4.1,6,14,0,56,56,11479000.0,204982.1,738.2,79.3,78.7,33.0
2016,NV,4.1,24,27,0,146,146,29381000.0,201239.7,744.4,-69.6,74.5,35.7
2016,SC,4.0,37,67,1,192,193,33596000.0,174072.5,744.7,-49.7,76.7,34.0
2016,MS,4.0,6,7,1,28,29,4904000.0,169103.4,734.2,76.3,73.8,32.4
2016,SD,3.8,1,3,1,18,19,3293000.0,173315.8,763.9,77.5,78.1,34.0
2016,GU,3.7,1,0,0,3,3,964000.0,321333.3,687.7,79.0,80.0,31.7
2016,PR,3.5,0,0,0,1,1,310000.0,310000.0,737.0,68.0,68.0,44.0
